64c26d,127.0.0.1,GET,http://localhost:8080/NumberGame/web/app_dev.php/,1490120877,1e95b9,200
1e95b9,127.0.0.1,GET,http://localhost:8080/NumberGame/web/app_dev.php/,1490120877,,404
6e4570,127.0.0.1,GET,http://localhost:8080/NumberGame/web/app_dev.php/play$,1490120883,e04869,200
e04869,127.0.0.1,GET,http://localhost:8080/NumberGame/web/app_dev.php/play$,1490120883,,404
48d35c,127.0.0.1,GET,http://localhost:8080/NumberGame/web/app_dev.php/play,1490120886,,200
94bf91,127.0.0.1,GET,http://localhost:8080/NumberGame/web/app_dev.php/css/bootstrap.min.css.map,1490120889,621498,200
621498,127.0.0.1,GET,http://localhost:8080/NumberGame/web/app_dev.php/css/bootstrap.min.css.map,1490120889,,404
64ef2e,127.0.0.1,GET,http://localhost:8080/NumberGame/web/app_dev.php/play,1490120982,,200
2ab1d4,127.0.0.1,GET,http://localhost:8080/NumberGame/web/app_dev.php/css/bootstrap.min.css.map,1490120985,30a281,200
30a281,127.0.0.1,GET,http://localhost:8080/NumberGame/web/app_dev.php/css/bootstrap.min.css.map,1490120985,,404
5ba5e0,127.0.0.1,GET,http://localhost:8080/NumberGame/web/app_dev.php/play,1490121054,,200
7eb2e9,127.0.0.1,GET,http://localhost:8080/NumberGame/web/app_dev.php/css/bootstrap.min.css.map,1490121057,0d20dc,200
0d20dc,127.0.0.1,GET,http://localhost:8080/NumberGame/web/app_dev.php/css/bootstrap.min.css.map,1490121058,,404
ef6605,127.0.0.1,GET,http://localhost:8080/NumberGame/web/app_dev.php/ajaxPlay/111,1490121070,,200
7a0676,127.0.0.1,GET,http://localhost:8080/NumberGame/web/app_dev.php/play,1490121165,,200
0144c3,127.0.0.1,GET,http://localhost:8080/NumberGame/web/app_dev.php/css/bootstrap.min.css.map,1490121168,45f4a4,200
45f4a4,127.0.0.1,GET,http://localhost:8080/NumberGame/web/app_dev.php/css/bootstrap.min.css.map,1490121168,,404
9b6fd9,127.0.0.1,GET,http://localhost:8080/NumberGame/web/app_dev.php/play,1490121227,,200
4bcc2b,127.0.0.1,GET,http://localhost:8080/NumberGame/web/app_dev.php/css/bootstrap.min.css.map,1490121230,7160a3,200
7160a3,127.0.0.1,GET,http://localhost:8080/NumberGame/web/app_dev.php/css/bootstrap.min.css.map,1490121230,,404
d00c23,127.0.0.1,GET,http://localhost:8080/NumberGame/web/app_dev.php/play,1490121346,,200
232f98,127.0.0.1,GET,http://localhost:8080/NumberGame/web/app_dev.php/css/bootstrap.min.css.map,1490121349,05dba1,200
05dba1,127.0.0.1,GET,http://localhost:8080/NumberGame/web/app_dev.php/css/bootstrap.min.css.map,1490121349,,404
e648f5,127.0.0.1,GET,http://localhost:8080/NumberGame/web/app_dev.php/play,1490121369,,200
c45922,127.0.0.1,GET,http://localhost:8080/NumberGame/web/app_dev.php/css/bootstrap.min.css.map,1490121372,19f27e,200
19f27e,127.0.0.1,GET,http://localhost:8080/NumberGame/web/app_dev.php/css/bootstrap.min.css.map,1490121372,,404
aa36c5,127.0.0.1,GET,http://localhost:8080/NumberGame/web/app_dev.php/ajaxPlay/7,1490121375,,200
688f75,127.0.0.1,GET,http://localhost:8080/NumberGame/web/app_dev.php/ajaxPlay/35,1490121384,,200
f45055,127.0.0.1,GET,http://localhost:8080/NumberGame/web/app_dev.php/ajaxPlay/69,1490121393,,200
dbfd6c,127.0.0.1,GET,http://localhost:8080/NumberGame/web/app_dev.php/ajaxPlay/51,1490121400,,200
8cbbf7,127.0.0.1,GET,http://localhost:8080/NumberGame/web/app_dev.php/ajaxPlay/42,1490121404,,200
69099b,127.0.0.1,GET,http://localhost:8080/NumberGame/web/app_dev.php/ajaxPlay/42,1490121408,,200
6e2903,127.0.0.1,GET,http://localhost:8080/NumberGame/web/app_dev.php/ajaxPlay/42,1490121408,,200
c7de08,127.0.0.1,GET,http://localhost:8080/NumberGame/web/app_dev.php/ajaxPlay/42,1490121409,,200
280203,127.0.0.1,GET,http://localhost:8080/NumberGame/web/app_dev.php/ajaxPlay/42,1490121409,,200
bcaa82,127.0.0.1,GET,http://localhost:8080/NumberGame/web/app_dev.php/ajaxPlay/42,1490121409,,200
5d2048,127.0.0.1,GET,http://localhost:8080/NumberGame/web/app_dev.php/ajaxPlay/42,1490121409,,200
81b870,127.0.0.1,GET,http://localhost:8080/NumberGame/web/app_dev.php/ajaxPlay/42,1490121410,,200
c5e6d5,127.0.0.1,GET,http://localhost:8080/NumberGame/web/app_dev.php/ajaxPlay/42,1490121410,,200
9c139f,127.0.0.1,GET,http://localhost:8080/NumberGame/web/app_dev.php/ajaxPlay/42,1490121410,,200
5d1519,127.0.0.1,GET,http://localhost:8080/NumberGame/web/app_dev.php/ajaxPlay/42,1490121410,,200
d4f6ce,127.0.0.1,GET,http://localhost:8080/NumberGame/web/app_dev.php/ajaxPlay/42,1490121410,,200
65fad4,127.0.0.1,GET,http://localhost:8080/NumberGame/web/app_dev.php/ajaxPlay/69,1490122088,,200
350031,127.0.0.1,GET,http://localhost:8080/NumberGame/web/app_dev.php/ajaxPlay/69,1490122092,,200
